time,value
2025-02-11T20:24:43.596063106Z,0.0673828125
2025-02-11T20:24:44.619992353Z,0.0684814453125
2025-02-11T20:24:45.6432882Z,0.0679931640625
2025-02-11T20:24:46.667982172Z,0.067626953125
2025-02-11T20:24:47.691285217Z,0.0682373046875
2025-02-11T20:24:48.716839691Z,0.0675048828125
2025-02-11T20:24:49.841813023Z,0.0677490234375
2025-02-11T20:24:50.866570035Z,0.0684814453125
2025-02-11T20:24:51.889916278Z,0.0677490234375
2025-02-11T20:24:52.913980232Z,0.067138671875
2025-02-11T20:24:53.938318282Z,0.0684814453125
2025-02-11T20:24:54.963578844Z,0.069091796875
2025-02-11T20:24:56.088670057Z,0.0689697265625
2025-02-11T20:24:57.01053688Z,0.07763671875
2025-02-11T20:24:58.136929372Z,0.08251953125
2025-02-11T20:24:59.160989315Z,0.0811767578125
2025-02-11T20:25:00.184486425Z,0.0784912109375
2025-02-11T20:25:01.208987599Z,0.0819091796875
2025-02-11T20:25:02.232457367Z,0.0814208984375
2025-02-11T20:25:03.359139969Z,0.0828857421875
2025-02-11T20:25:04.382764948Z,0.083984375
2025-02-11T20:25:05.408925288Z,0.0833740234375
2025-02-11T20:25:06.431444625Z,0.0849609375
2025-02-11T20:25:07.45479819Z,0.0845947265625
2025-02-11T20:25:08.479981891Z,0.0828857421875
2025-02-11T20:25:09.503409736Z,0.0848388671875
2025-02-11T20:25:10.629398668Z,0.0843505859375
2025-02-11T20:25:11.653246819Z,0.083251953125
2025-02-11T20:25:12.677516244Z,0.085205078125
2025-02-11T20:25:13.705823182Z,0.0848388671875
2025-02-11T20:25:14.736305674Z,0.0838623046875
2025-02-11T20:25:15.749268432Z,0.0860595703125
2025-02-11T20:25:16.875929692Z,0.084716796875
2025-02-11T20:25:17.899667557Z,0.08447265625
2025-02-11T20:25:18.923693465Z,0.087158203125
2025-02-11T20:25:19.947835137Z,0.0831298828125
2025-02-11T20:25:20.971926333Z,0.08935546875
2025-02-11T20:25:21.995823062Z,0.087158203125
2025-02-11T20:25:23.022346129Z,0.090576171875
2025-02-11T20:25:24.148731608Z,0.0909423828125
2025-02-11T20:25:25.172218856Z,0.091064453125
2025-02-11T20:25:26.194845979Z,0.090576171875
2025-02-11T20:25:27.218726947Z,0.0736083984375
2025-02-11T20:25:28.244925705Z,0.0523681640625
2025-02-11T20:25:29.266225056Z,0.066650390625
2025-02-11T20:25:30.393107024Z,0.377197265625
2025-02-11T20:25:31.416653484Z,0.4205322265625
2025-02-11T20:25:32.442120717Z,0.8802490234375
2025-02-11T20:25:33.472259293Z,0.99462890625
2025-02-11T20:25:34.489720984Z,1.0382080078125
2025-02-11T20:25:35.516394428Z,0.436767578125
2025-02-11T20:25:36.536880864Z,-0.001708984375
2025-02-11T20:25:37.663252149Z,-0.3494873046875
2025-02-11T20:25:38.687104013Z,0.000732421875
2025-02-11T20:25:39.711000053Z,-0.0372314453125
2025-02-11T20:25:40.735395023Z,0.2191162109375
2025-02-11T20:25:41.759278903Z,0.8060302734375
2025-02-11T20:25:42.783033896Z,-0.2574462890625
2025-02-11T20:25:43.909422111Z,-0.4844970703125
2025-02-11T20:25:44.933594255Z,0.194091796875
2025-02-11T20:25:45.957766365Z,0.2200927734375
2025-02-11T20:25:46.981935727Z,0.20654296875
2025-02-11T20:25:48.007843008Z,0.249267578125
2025-02-11T20:25:49.029699755Z,0.24755859375
2025-02-11T20:25:50.053670307Z,0.2412109375
2025-02-11T20:25:51.180267419Z,0.2581787109375
2025-02-11T20:25:52.204119994Z,0.2652587890625
2025-02-11T20:25:53.229157968Z,0.25927734375
2025-02-11T20:25:54.252745508Z,0.2200927734375
2025-02-11T20:25:55.276145442Z,0.2786865234375
2025-02-11T20:25:56.300947551Z,0.3564453125
2025-02-11T20:25:57.324916161Z,0.4449462890625
2025-02-11T20:25:58.451187663Z,0.543701171875
2025-02-11T20:25:59.474186292Z,0.5531005859375
2025-02-11T20:26:00.49872591Z,0.5518798828125
2025-02-11T20:26:01.522568879Z,0.2218017578125
2025-02-11T20:26:02.546538533Z,0.294189453125
2025-02-11T20:26:03.570938552Z,0.3111572265625
2025-02-11T20:26:04.696943385Z,0.31103515625
2025-02-11T20:26:05.720937272Z,0.289306640625
2025-02-11T20:26:06.745354894Z,0.3377685546875
2025-02-11T20:26:07.769140392Z,0.3515625
2025-02-11T20:26:08.792859615Z,0.5343017578125
2025-02-11T20:26:09.817058559Z,0.068603515625
2025-02-11T20:26:10.943593162Z,-0.0286865234375
2025-02-11T20:26:11.968972709Z,-0.0115966796875
2025-02-11T20:26:12.99152855Z,-0.0126953125
2025-02-11T20:26:14.015422553Z,-0.01513671875
2025-02-11T20:26:15.040252017Z,-0.0064697265625
2025-02-11T20:26:16.06381346Z,-0.0096435546875
2025-02-11T20:26:17.09090337Z,0.0115966796875
2025-02-11T20:26:18.214483552Z,0
2025-02-11T20:26:19.238563632Z,0.0025634765625
2025-02-11T20:26:20.262382615Z,0.0074462890625
2025-02-11T20:26:21.28600874Z,0.016357421875
2025-02-11T20:26:22.30988121Z,-0.005126953125
2025-02-11T20:26:23.334014392Z,-0.0206298828125
2025-02-11T20:26:24.357857855Z,-0.039794921875
2025-02-11T20:26:25.484551605Z,-0.0482177734375
2025-02-11T20:26:26.508163577Z,-0.0526123046875
2025-02-11T20:26:27.533164315Z,-0.051025390625
2025-02-11T20:26:28.557524785Z,-0.0718994140625
2025-02-11T20:26:29.585948386Z,-0.0736083984375
2025-02-11T20:26:30.604648187Z,-0.0732421875
2025-02-11T20:26:31.730939893Z,-0.0523681640625
2025-02-11T20:26:32.755034349Z,0.0091552734375
2025-02-11T20:26:33.778964895Z,0.049560546875
2025-02-11T20:26:34.807086569Z,0.03173828125
2025-02-11T20:26:35.826765548Z,0.0284423828125
2025-02-11T20:26:36.850978377Z,0.0322265625
2025-02-11T20:26:37.87681822Z,0.03466796875
2025-02-11T20:26:39.001220102Z,0.0311279296875
2025-02-11T20:26:40.02534488Z,0.0299072265625
2025-02-11T20:26:41.049439912Z,0.0418701171875
2025-02-11T20:26:42.074200784Z,0.0501708984375
2025-02-11T20:26:43.097656212Z,0.0445556640625
2025-02-11T20:26:44.122198599Z,0.0390625
2025-02-11T20:26:45.145388249Z,0.0428466796875
2025-02-11T20:26:46.271721669Z,0.0469970703125
2025-02-11T20:26:47.295892241Z,0.0479736328125
2025-02-11T20:26:48.320125403Z,0.0543212890625
2025-02-11T20:26:49.448379442Z,0.14599609375
2025-02-11T20:26:50.471686251Z,0.108642578125
2025-02-11T20:26:51.494101757Z,0.0419921875
2025-02-11T20:26:52.518518718Z,0.0806884765625
2025-02-11T20:26:53.54335083Z,0.04931640625
2025-02-11T20:26:54.566076917Z,0.0736083984375
2025-02-11T20:26:55.590120518Z,0.0740966796875
2025-02-11T20:26:56.717036498Z,0.0711669921875
2025-02-11T20:26:57.638463541Z,0.063720703125
2025-02-11T20:26:58.764907746Z,0.0762939453125
2025-02-11T20:26:59.788500453Z,0.066162109375
2025-02-11T20:27:00.813071429Z,0.0718994140625
2025-02-11T20:27:01.83678782Z,0.074462890625
2025-02-11T20:27:02.963204492Z,0.0831298828125
2025-02-11T20:27:03.98710226Z,0.0650634765625
2025-02-11T20:27:05.013664776Z,0.0870361328125
2025-02-11T20:27:06.035087717Z,0.0933837890625
2025-02-11T20:27:07.059551558Z,0.093017578125
2025-02-11T20:27:08.08322904Z,0.0999755859375
2025-02-11T20:27:09.107024042Z,0.0782470703125
2025-02-11T20:27:10.233850848Z,0.1123046875
2025-02-11T20:27:11.25747933Z,0.095947265625
2025-02-11T20:27:12.284034227Z,0.088134765625
2025-02-11T20:27:13.306445084Z,0.099853515625
2025-02-11T20:27:14.329689805Z,0.097900390625
2025-02-11T20:27:15.354496817Z,0.09716796875
2025-02-11T20:27:16.483330008Z,0.1728515625
2025-02-11T20:27:17.504025967Z,0.1539306640625
2025-02-11T20:27:18.528947591Z,0.1871337890625
2025-02-11T20:27:19.552288198Z,0.1942138671875
2025-02-11T20:27:20.576119776Z,0.18798828125
2025-02-11T20:27:21.599915214Z,0.1937255859375
2025-02-11T20:27:22.624148745Z,0.193115234375
2025-02-11T20:27:23.753719928Z,0.0379638671875
2025-02-11T20:27:24.777068758Z,0.0452880859375
2025-02-11T20:27:25.802745551Z,-0.29736328125
2025-02-11T20:27:26.822459673Z,-0.2840576171875
2025-02-11T20:27:27.846925013Z,-0.2650146484375
2025-02-11T20:27:28.873981758Z,-0.3095703125
2025-02-11T20:27:30.000612642Z,-0.2681884765625
2025-02-11T20:27:31.020857702Z,-0.2509765625
2025-02-11T20:27:32.045457819Z,-0.2685546875
2025-02-11T20:27:33.069467792Z,-0.2373046875
2025-02-11T20:27:34.094119331Z,-0.22509765625
2025-02-11T20:27:35.118767473Z,-0.233642578125
2025-02-11T20:27:36.151040031Z,-0.2347412109375
2025-02-11T20:27:37.267492834Z,-0.241943359375
2025-02-11T20:27:38.292607851Z,-0.24169921875
2025-02-11T20:27:39.318750875Z,-0.2359619140625
2025-02-11T20:27:40.34074988Z,0.2353515625
2025-02-11T20:27:41.363440062Z,0.0211181640625
2025-02-11T20:27:42.387423052Z,0.0238037109375
2025-02-11T20:27:43.412333557Z,0.0462646484375
2025-02-11T20:27:44.537497859Z,0.0587158203125
2025-02-11T20:27:45.572070191Z,0.0625
2025-02-11T20:27:46.586066713Z,0.1719970703125
2025-02-11T20:27:47.609974849Z,0.2862548828125
2025-02-11T20:27:48.63521925Z,0.230712890625
2025-02-11T20:27:49.657998537Z,0.2188720703125
2025-02-11T20:27:50.784538035Z,0.212158203125
2025-02-11T20:27:51.808371262Z,-0.280029296875
2025-02-11T20:27:52.832399165Z,-0.420166015625
2025-02-11T20:27:53.8574469Z,-0.0313720703125
2025-02-11T20:27:54.880456508Z,-0.4129638671875
2025-02-11T20:27:55.904523341Z,0.132080078125
2025-02-11T20:27:56.928351985Z,0.2037353515625
2025-02-11T20:27:57.953874848Z,0.254150390625
2025-02-11T20:27:59.079067333Z,0.2666015625
2025-02-11T20:28:00.10298898Z,0.2569580078125
2025-02-11T20:28:01.127397371Z,0.2718505859375
2025-02-11T20:28:02.155631258Z,0.26025390625
2025-02-11T20:28:03.174698196Z,0.287109375
2025-02-11T20:28:04.301016506Z,0.2657470703125
2025-02-11T20:28:05.325344709Z,0.2989501953125
2025-02-11T20:28:06.349164448Z,0.28125
2025-02-11T20:28:07.375061561Z,0.2593994140625
2025-02-11T20:28:08.397479662Z,0.251708984375
2025-02-11T20:28:09.42117009Z,0.2855224609375
2025-02-11T20:28:10.452731726Z,0.2608642578125
2025-02-11T20:28:11.571916968Z,0.2587890625
2025-02-11T20:28:12.595994333Z,0.253173828125
2025-02-11T20:28:13.620778807Z,0.222412109375
2025-02-11T20:28:14.643845757Z,0.231201171875
2025-02-11T20:28:15.668199724Z,-0.028564453125
2025-02-11T20:28:16.692126Z,-0.0211181640625
2025-02-11T20:28:17.716057936Z,0.00927734375
2025-02-11T20:28:18.848916031Z,0.015869140625
2025-02-11T20:28:19.87116782Z,-0.01953125
2025-02-11T20:28:20.890275307Z,0.00830078125
2025-02-11T20:28:21.914380437Z,0.0101318359375
2025-02-11T20:28:22.939556579Z,0.0162353515625
2025-02-11T20:28:23.964846016Z,0.0126953125
2025-02-11T20:28:24.986376131Z,0.0086669921875
2025-02-11T20:28:26.113388172Z,0.010986328125
2025-02-11T20:28:27.136762665Z,0.011962890625
2025-02-11T20:28:28.160845278Z,0.0018310546875
2025-02-11T20:28:29.184702173Z,0.00927734375
2025-02-11T20:28:30.208807918Z,0.0003662109375
2025-02-11T20:28:31.233117144Z,0.00732421875
2025-02-11T20:28:32.359469517Z,0.0001220703125
2025-02-11T20:28:33.383730952Z,-0.0142822265625
2025-02-11T20:28:34.408929633Z,0.0045166015625
2025-02-11T20:28:35.431323273Z,-0.0023193359375
2025-02-11T20:28:36.455601549Z,-0.0892333984375
2025-02-11T20:28:37.47919622Z,-0.102294921875
2025-02-11T20:28:38.506651761Z,0.0703125
2025-02-11T20:28:39.629394254Z,-0.0565185546875
2025-02-11T20:28:40.654148711Z,0.1075439453125
2025-02-11T20:28:41.679287015Z,0.116455078125
2025-02-11T20:28:42.702910122Z,0.1080322265625
2025-02-11T20:28:43.725796307Z,0.114501953125
2025-02-11T20:28:44.74969948Z,0.169677734375
2025-02-11T20:28:45.878696172Z,0.1494140625
2025-02-11T20:28:46.900037543Z,0.1256103515625
2025-02-11T20:28:47.924093671Z,0.165771484375
2025-02-11T20:28:48.949530238Z,0.1337890625
2025-02-11T20:28:49.972083578Z,0.1351318359375
2025-02-11T20:28:50.996331506Z,0.1295166015625
2025-02-11T20:28:52.020715729Z,0.1156005859375
2025-02-11T20:28:53.048409124Z,0.1207275390625
2025-02-11T20:28:54.171672401Z,0.11572265625
2025-02-11T20:28:55.194828867Z,0.113525390625
2025-02-11T20:28:56.166259512Z,0.1163330078125
2025-02-11T20:28:57.242710247Z,0.11865234375
2025-02-11T20:28:58.267788883Z,0.1092529296875
2025-02-11T20:28:59.291199687Z,0.1126708984375
2025-02-11T20:29:00.417165495Z,0.10791015625
2025-02-11T20:29:01.44112165Z,0.102294921875
2025-02-11T20:29:02.464948412Z,0.08447265625
2025-02-11T20:29:03.489697198Z,0.080078125
2025-02-11T20:29:04.513117457Z,0.09033203125
2025-02-11T20:29:05.537376501Z,0.095947265625
2025-02-11T20:29:06.663691567Z,0.0830078125
2025-02-11T20:29:07.688645996Z,0.094482421875
2025-02-11T20:29:08.712458977Z,0.0794677734375
2025-02-11T20:29:09.735390681Z,0.0950927734375
2025-02-11T20:29:10.759586054Z,0.0706787109375
2025-02-11T20:29:11.78377321Z,0.0672607421875
2025-02-11T20:29:12.807935994Z,0.0836181640625
2025-02-11T20:29:13.934442979Z,0.1328125
2025-02-11T20:29:14.958364541Z,0.0699462890625
2025-02-11T20:29:15.982768374Z,0.073974609375
2025-02-11T20:29:17.006030308Z,0.0838623046875
2025-02-11T20:29:18.029924145Z,0.085693359375
2025-02-11T20:29:19.053877839Z,0.07763671875
2025-02-11T20:29:20.18061124Z,0.0787353515625
2025-02-11T20:29:21.204532892Z,0.0706787109375
2025-02-11T20:29:22.228438002Z,0.062255859375
2025-02-11T20:29:23.252093772Z,0.0455322265625
2025-02-11T20:29:24.277031606Z,0.0545654296875
2025-02-11T20:29:25.300462899Z,0.0657958984375
2025-02-11T20:29:26.324282079Z,0.0478515625
2025-02-11T20:29:27.450561266Z,0.05029296875
2025-02-11T20:29:28.373320017Z,0.061767578125
2025-02-11T20:29:29.498563847Z,0.0379638671875
2025-02-11T20:29:30.522889484Z,0.0675048828125
2025-02-11T20:29:31.547277609Z,-0.006103515625
2025-02-11T20:29:32.57119242Z,-0.0072021484375
2025-02-11T20:29:33.596254364Z,-0.007568359375
2025-02-11T20:29:34.72114471Z,-0.0294189453125
2025-02-11T20:29:35.745247498Z,-0.0244140625
2025-02-11T20:29:36.768994596Z,-0.0233154296875
2025-02-11T20:29:37.793226768Z,0.098388671875
2025-02-11T20:29:38.817133068Z,-0.485595703125
2025-02-11T20:29:39.841420849Z,-0.5615234375
2025-02-11T20:29:40.970244532Z,-0.6453857421875
2025-02-11T20:29:41.992122719Z,-0.550537109375
2025-02-11T20:29:43.015686738Z,-0.402587890625
2025-02-11T20:29:44.039922304Z,-0.3785400390625
2025-02-11T20:29:45.064946663Z,-0.398681640625
2025-02-11T20:29:46.089028996Z,-0.375244140625
2025-02-11T20:29:47.112178357Z,-0.3974609375
2025-02-11T20:29:48.238346906Z,-0.39111328125
2025-02-11T20:29:49.269510623Z,-0.3656005859375
2025-02-11T20:29:50.286339284Z,-0.37890625
2025-02-11T20:29:51.311047076Z,-0.381103515625
2025-02-11T20:29:52.334650766Z,-0.3916015625
2025-02-11T20:29:53.358891263Z,-0.3812255859375
2025-02-11T20:29:54.484841405Z,-0.3746337890625
2025-02-11T20:29:55.509595389Z,-0.0689697265625
2025-02-11T20:29:56.532780124Z,-0.1451416015625
2025-02-11T20:29:57.556933356Z,-0.039306640625
2025-02-11T20:29:58.581426173Z,-0.099365234375
2025-02-11T20:29:59.604906338Z,-0.1185302734375
2025-02-11T20:30:00.628930949Z,-0.1197509765625
2025-02-11T20:30:01.754977803Z,-0.1201171875
2025-02-11T20:30:02.778759227Z,-0.1253662109375
2025-02-11T20:30:03.80327284Z,-0.1234130859375
2025-02-11T20:30:04.827162777Z,-0.1292724609375
2025-02-11T20:30:05.851453181Z,-0.121826171875
2025-02-11T20:30:06.875465138Z,-0.1251220703125
2025-02-11T20:30:08.001635916Z,-0.1319580078125
2025-02-11T20:30:09.026800067Z,-0.1268310546875
2025-02-11T20:30:10.050206997Z,-0.1478271484375
2025-02-11T20:30:11.073990178Z,-0.1334228515625
2025-02-11T20:30:12.098119214Z,-0.1097412109375
2025-02-11T20:30:13.122132625Z,-0.139404296875
2025-02-11T20:30:14.145845524Z,-0.1448974609375
2025-02-11T20:30:15.272242276Z,-0.1334228515625
2025-02-11T20:30:16.297627487Z,-0.127685546875
2025-02-11T20:30:17.320274901Z,-0.1474609375
2025-02-11T20:30:18.345343007Z,-0.130615234375
2025-02-11T20:30:19.369247901Z,0.0511474609375
2025-02-11T20:30:20.392005852Z,0.08642578125
2025-02-11T20:30:21.518730018Z,0.0775146484375
2025-02-11T20:30:22.543540888Z,0.0660400390625
2025-02-11T20:30:23.493269518Z,0.059326171875
2025-02-11T20:30:24.590606789Z,0.0943603515625
2025-02-11T20:30:25.614650134Z,0.0677490234375
2025-02-11T20:30:26.638439517Z,0.0511474609375
2025-02-11T20:30:27.662611586Z,0.0709228515625
2025-02-11T20:30:28.687451194Z,0.0706787109375
2025-02-11T20:30:29.81361719Z,0.066162109375
2025-02-11T20:30:30.837481884Z,0.0748291015625
2025-02-11T20:30:31.861314761Z,0.053955078125
2025-02-11T20:30:32.885126264Z,0.0626220703125
2025-02-11T20:30:33.911054186Z,0.0604248046875
2025-02-11T20:30:35.0355154Z,0.0562744140625
2025-02-11T20:30:36.060238636Z,0.06201171875
2025-02-11T20:30:37.083608398Z,0.053955078125
2025-02-11T20:30:38.107437486Z,0.0677490234375
2025-02-11T20:30:39.131530189Z,0.0750732421875
2025-02-11T20:30:40.155536808Z,0.05419921875
2025-02-11T20:30:41.179569749Z,0.0584716796875
2025-02-11T20:30:42.306403763Z,0.0806884765625
2025-02-11T20:30:43.329625814Z,0.0640869140625
2025-02-11T20:30:44.353848139Z,0.05322265625
2025-02-11T20:30:45.378022616Z,0.0626220703125
2025-02-11T20:30:46.402491012Z,0.0814208984375
2025-02-11T20:30:47.427076033Z,0.048095703125
2025-02-11T20:30:48.552807574Z,0.0587158203125
2025-02-11T20:30:49.577731388Z,0.060546875
2025-02-11T20:30:50.60056039Z,0.04931640625
2025-02-11T20:30:51.62463058Z,0.062255859375
2025-02-11T20:30:52.648997762Z,0.04443359375
2025-02-11T20:30:53.672976874Z,0.054931640625
2025-02-11T20:30:54.696521672Z,0.056396484375
2025-02-11T20:30:55.823046088Z,0.051025390625
2025-02-11T20:30:56.860607758Z,0.066650390625
2025-02-11T20:30:57.871737307Z,0.070068359375
2025-02-11T20:30:58.895386509Z,0.065673828125
2025-02-11T20:30:59.919405027Z,0.0673828125
2025-02-11T20:31:00.943844375Z,0.080810546875
2025-02-11T20:31:02.069845945Z,0.0499267578125
2025-02-11T20:31:03.094819871Z,0.0633544921875
2025-02-11T20:31:04.119874557Z,0.0557861328125
2025-02-11T20:31:05.141266431Z,0.0458984375
2025-02-11T20:31:06.169392899Z,0.0477294921875
2025-02-11T20:31:07.189585149Z,0.0413818359375
2025-02-11T20:31:08.213396206Z,0.0333251953125
2025-02-11T20:31:09.340657758Z,0.065185546875
2025-02-11T20:31:10.363745258Z,0.0379638671875
2025-02-11T20:31:11.38774778Z,0.026611328125
2025-02-11T20:31:12.41183958Z,0.039306640625
2025-02-11T20:31:13.437633513Z,0.038818359375
2025-02-11T20:31:14.462422684Z,0.028076171875
2025-02-11T20:31:15.586233234Z,0.0518798828125
2025-02-11T20:31:16.610386628Z,0.3753662109375
2025-02-11T20:31:17.636342799Z,0.060546875
2025-02-11T20:31:18.658293021Z,-0.098388671875
2025-02-11T20:31:19.684700727Z,0.037841796875
2025-02-11T20:31:20.706205575Z,0.032958984375
2025-02-11T20:31:21.732958293Z,0.00537109375
2025-02-11T20:31:22.857101278Z,0.0189208984375
2025-02-11T20:31:23.881265726Z,0.016845703125
2025-02-11T20:31:24.905591668Z,0.0062255859375
2025-02-11T20:31:25.929113783Z,0.0098876953125
2025-02-11T20:31:26.922954884Z,0.019287109375
2025-02-11T20:31:27.977829206Z,0.013916015625
2025-02-11T20:31:29.002081623Z,0.0087890625
2025-02-11T20:31:30.127270992Z,0.016357421875
2025-02-11T20:31:31.151282875Z,0.013916015625
2025-02-11T20:31:32.180975486Z,0.0528564453125
2025-02-11T20:31:33.199780013Z,0.200927734375
2025-02-11T20:31:34.22363298Z,0.2066650390625
2025-02-11T20:31:35.247643822Z,0.2056884765625
2025-02-11T20:31:36.373491345Z,0.1998291015625
2025-02-11T20:31:37.397563728Z,0.1954345703125
2025-02-11T20:31:38.421990983Z,0.17724609375
2025-02-11T20:31:39.446124781Z,0.0831298828125
2025-02-11T20:31:40.470833414Z,0.1173095703125
2025-02-11T20:31:41.495328351Z,0.1690673828125
2025-02-11T20:31:42.620590894Z,0.1588134765625
2025-02-11T20:31:43.648260847Z,0.277099609375
2025-02-11T20:31:44.668054016Z,0.2591552734375
2025-02-11T20:31:45.69215248Z,0.2550048828125
2025-02-11T20:31:47.739882513Z,0.2642822265625
2025-02-11T20:31:48.867127002Z,0.258056640625
2025-02-11T20:31:49.891063817Z,0.25390625
2025-02-11T20:31:50.91490055Z,0.2618408203125
2025-02-11T20:31:51.939197224Z,0.249267578125
2025-02-11T20:31:52.968193095Z,0.254150390625
2025-02-11T20:31:53.987808911Z,0.2542724609375
2025-02-11T20:31:55.01150034Z,0.2919921875
2025-02-11T20:31:56.137279083Z,0.272216796875
2025-02-11T20:31:57.161167739Z,0.3045654296875
2025-02-11T20:31:58.185370405Z,0.250732421875
2025-02-11T20:31:59.20943095Z,0.2786865234375
2025-02-11T20:32:00.335659731Z,0.2191162109375
2025-02-11T20:32:01.25767772Z,0.2669677734375
2025-02-11T20:32:02.38358973Z,0.0833740234375
2025-02-11T20:32:03.41222091Z,0.3682861328125
2025-02-11T20:32:04.43175332Z,0.201416015625
2025-02-11T20:32:05.45887384Z,0.2371826171875
2025-02-11T20:32:06.480226851Z,0.2313232421875
2025-02-11T20:32:07.503658619Z,0.4310302734375
2025-02-11T20:32:08.528471318Z,0.52001953125
2025-02-11T20:32:09.653966826Z,0.4620361328125
2025-02-11T20:32:10.678113057Z,0.4556884765625
2025-02-11T20:32:11.702021893Z,0.4686279296875
2025-02-11T20:32:13.750102833Z,0.45654296875
2025-02-11T20:32:14.776259515Z,0.4678955078125
2025-02-11T20:32:15.901367046Z,0.4573974609375
2025-02-11T20:32:16.956128185Z,0.744873046875
2025-02-11T20:32:17.948786484Z,0.4111328125
2025-02-11T20:32:18.973286636Z,0.2509765625
2025-02-11T20:32:19.999382111Z,0.2452392578125
2025-02-11T20:32:21.020550497Z,0.255615234375
2025-02-11T20:32:22.045035099Z,0.24853515625
2025-02-11T20:32:23.171572609Z,0.2481689453125
2025-02-11T20:32:24.19510186Z,0.25341796875
2025-02-11T20:32:25.2209523Z,0.265869140625
2025-02-11T20:32:26.242984896Z,0.248779296875
2025-02-11T20:32:27.26754371Z,0.2657470703125
2025-02-11T20:32:28.291574821Z,0.251708984375
2025-02-11T20:32:29.315270945Z,0.2606201171875
2025-02-11T20:32:30.441597279Z,0.261962890625
2025-02-11T20:32:31.465629422Z,0.22314453125
2025-02-11T20:32:32.489799614Z,0.2841796875
2025-02-11T20:32:33.517337992Z,0.261962890625
2025-02-11T20:32:34.538117708Z,0.2548828125
2025-02-11T20:32:35.561407737Z,0.2799072265625
2025-02-11T20:32:36.692045525Z,0.267333984375
2025-02-11T20:32:37.711634807Z,0.2647705078125
2025-02-11T20:32:38.737878551Z,0.280517578125
2025-02-11T20:32:39.759932611Z,0.2486572265625
2025-02-11T20:32:40.783642228Z,0.2540283203125
2025-02-11T20:32:41.807827359Z,0.2652587890625
2025-02-11T20:32:42.934420589Z,0.249267578125
2025-02-11T20:32:43.959309204Z,0.2646484375
2025-02-11T20:32:44.982527918Z,0.243896484375
2025-02-11T20:32:46.011162552Z,0.2454833984375
2025-02-11T20:32:47.030615767Z,0.2479248046875
2025-02-11T20:32:48.054656425Z,0.2459716796875
2025-02-11T20:32:49.078387669Z,0.2744140625
2025-02-11T20:32:50.204816722Z,0.249755859375
2025-02-11T20:32:51.228619868Z,0.2486572265625
2025-02-11T20:32:52.254285711Z,0.2611083984375
2025-02-11T20:32:53.277368892Z,0.24853515625
2025-02-11T20:32:54.303674698Z,0.2249755859375
2025-02-11T20:32:55.326109988Z,0.2525634765625
2025-02-11T20:32:56.350239893Z,0.2230224609375
2025-02-11T20:32:57.475459246Z,0.2598876953125
2025-02-11T20:32:58.49998583Z,0.2684326171875
2025-02-11T20:32:59.523540824Z,0.2601318359375
2025-02-11T20:33:00.547446129Z,0.266845703125
2025-02-11T20:33:01.571025164Z,0.2589111328125
2025-02-11T20:33:02.595587672Z,0.25244140625
2025-02-11T20:33:03.721699551Z,0.2891845703125
2025-02-11T20:33:04.746350887Z,0.25634765625
2025-02-11T20:33:05.769734909Z,0.2730712890625
2025-02-11T20:33:06.794248885Z,0.2587890625
2025-02-11T20:33:07.817707678Z,0.262451171875
2025-02-11T20:33:08.842849096Z,0.2464599609375
2025-02-11T20:33:09.865504591Z,0.26904296875
2025-02-11T20:33:10.992541561Z,0.2791748046875
2025-02-11T20:33:12.016628879Z,0.2608642578125
2025-02-11T20:33:13.040495314Z,0.2568359375
2025-02-11T20:33:14.065354073Z,0.2615966796875
2025-02-11T20:33:15.088109941Z,0.2596435546875
2025-02-11T20:33:16.11257925Z,0.260986328125
2025-02-11T20:33:17.238812101Z,0.2664794921875
2025-02-11T20:33:18.263275236Z,0.2626953125
2025-02-11T20:33:19.286757917Z,0.26953125
2025-02-11T20:33:20.310698608Z,0.255615234375
2025-02-11T20:33:21.335467995Z,0.253173828125
2025-02-11T20:33:22.358413951Z,0.26220703125
2025-02-11T20:33:23.382695896Z,0.2545166015625
2025-02-11T20:33:24.508816697Z,0.2501220703125
2025-02-11T20:33:25.534189683Z,0.2607421875
2025-02-11T20:33:26.557150373Z,0.270751953125
2025-02-11T20:33:27.584492393Z,0.249755859375
2025-02-11T20:33:28.60481875Z,0.2772216796875
2025-02-11T20:33:29.629634507Z,0.2523193359375
2025-02-11T20:33:30.654003801Z,0.31787109375
2025-02-11T20:33:31.779567769Z,-0.0537109375
2025-02-11T20:33:32.803871994Z,-0.11474609375
2025-02-11T20:33:33.827149572Z,-0.0289306640625
2025-02-11T20:33:34.851191064Z,-0.071533203125
2025-02-11T20:33:35.875356152Z,-0.0863037109375
2025-02-11T20:33:36.899427491Z,-0.101806640625
2025-02-11T20:33:38.026352674Z,-0.095703125
2025-02-11T20:33:39.049896835Z,-0.0711669921875
2025-02-11T20:33:40.074214354Z,0.0037841796875
2025-02-11T20:33:41.098199075Z,-0.0660400390625
2025-02-11T20:33:42.12194646Z,0.1085205078125
2025-02-11T20:33:43.147109774Z,0.0374755859375
2025-02-11T20:33:44.172339671Z,0.02880859375
2025-02-11T20:33:45.297963101Z,0.044677734375
2025-02-11T20:33:46.320772907Z,0.041015625
2025-02-11T20:33:47.344497126Z,0.0447998046875
2025-02-11T20:33:48.369869787Z,0.0426025390625
2025-02-11T20:33:49.392461611Z,0.0328369140625
2025-02-11T20:33:50.417761083Z,0.01025390625
2025-02-11T20:33:51.440630724Z,-0.004638671875
2025-02-11T20:33:52.566993417Z,-0.046630859375
2025-02-11T20:33:53.591777291Z,0.0020751953125
2025-02-11T20:33:54.614890368Z,0.1480712890625
2025-02-11T20:33:55.639183626Z,-0.001220703125
2025-02-11T20:33:56.662889371Z,0.0775146484375
2025-02-11T20:33:57.688243959Z,0.0592041015625
2025-02-11T20:33:58.712437675Z,0.056640625
2025-02-11T20:33:59.735234808Z,0.048828125
2025-02-11T20:34:00.861300867Z,-0.0760498046875
2025-02-11T20:34:01.886919036Z,-0.0517578125
2025-02-11T20:34:02.9106704Z,-0.0443115234375
2025-02-11T20:34:03.934429365Z,-0.0272216796875
2025-02-11T20:34:04.960360915Z,0.13916015625
2025-02-11T20:34:06.084130971Z,0.01318359375
2025-02-11T20:34:07.108092045Z,-0.0926513671875
2025-02-11T20:34:08.135298454Z,-0.1217041015625
2025-02-11T20:34:09.155888815Z,-0.1693115234375
2025-02-11T20:34:10.182592634Z,-0.17431640625
2025-02-11T20:34:11.204083087Z,-0.1795654296875
2025-02-11T20:34:12.227996743Z,-0.1719970703125
2025-02-11T20:34:13.355171115Z,-0.1590576171875
2025-02-11T20:34:14.378572326Z,-0.1756591796875
2025-02-11T20:34:15.402154172Z,-0.0494384765625
2025-02-11T20:34:16.426423611Z,-0.1661376953125
2025-02-11T20:34:17.473960349Z,-0.16650390625
2025-02-11T20:34:18.474913431Z,-0.17578125
2025-02-11T20:34:19.499148447Z,-0.183349609375
2025-02-11T20:34:20.624622571Z,-0.1820068359375
2025-02-11T20:34:21.648755861Z,-0.1812744140625
2025-02-11T20:34:22.67264603Z,-0.2073974609375
2025-02-11T20:34:23.696764321Z,-0.1876220703125
2025-02-11T20:34:24.720787235Z,-0.1810302734375
2025-02-11T20:34:25.750467157Z,-0.1842041015625
2025-02-11T20:34:26.877141034Z,-0.0008544921875
2025-02-11T20:34:27.89557918Z,-0.09716796875
2025-02-11T20:34:28.920567518Z,-0.0289306640625
2025-02-11T20:34:29.950990458Z,0.07373046875
2025-02-11T20:34:30.968456876Z,0.0994873046875
2025-02-11T20:34:31.992082535Z,0.0694580078125
2025-02-11T20:34:33.015863024Z,-0.0543212890625
2025-02-11T20:34:34.142718081Z,-0.115234375
2025-02-11T20:34:35.165971058Z,-0.1387939453125
2025-02-11T20:34:36.191894105Z,-0.005859375
2025-02-11T20:34:37.213677155Z,-0.0281982421875
2025-02-11T20:34:38.23981452Z,0.010498046875
2025-02-11T20:34:39.263531742Z,0.1201171875
2025-02-11T20:34:40.388719417Z,0.092529296875
2025-02-11T20:34:41.413198921Z,0.3211669921875
2025-02-11T20:34:42.43647354Z,0.4095458984375
2025-02-11T20:34:43.460368986Z,-0.0362548828125
2025-02-11T20:34:44.48661441Z,0.0789794921875
2025-02-11T20:34:45.509814275Z,0.1129150390625
2025-02-11T20:34:46.532695162Z,0.29833984375
2025-02-11T20:34:47.65877502Z,0.1123046875
2025-02-11T20:34:48.682760738Z,0.00341796875
2025-02-11T20:34:49.706794065Z,-0.0283203125
2025-02-11T20:34:50.731083025Z,-0.0335693359375
2025-02-11T20:34:51.754716325Z,-0.0684814453125
2025-02-11T20:34:52.779802164Z,-0.0118408203125
2025-02-11T20:34:53.906206278Z,0.072021484375
2025-02-11T20:34:54.92937284Z,-0.0543212890625
2025-02-11T20:34:55.953385406Z,0.06201171875
2025-02-11T20:34:57.01125546Z,0.131103515625
2025-02-11T20:34:58.001675829Z,-0.0640869140625
2025-02-11T20:34:59.025499718Z,0.067138671875
2025-02-11T20:35:00.05191038Z,0.000732421875
2025-02-11T20:35:01.083256589Z,0.210693359375
2025-02-11T20:35:02.200894476Z,0.1109619140625
2025-02-11T20:35:03.223532839Z,-0.1319580078125
2025-02-11T20:35:04.247504544Z,0.21728515625
2025-02-11T20:35:05.272093236Z,0.1173095703125
2025-02-11T20:35:06.295488207Z,0.1146240234375
2025-02-11T20:35:07.422264436Z,0.3662109375
2025-02-11T20:35:08.445989953Z,0.0672607421875
2025-02-11T20:35:09.470423228Z,-0.1553955078125
2025-02-11T20:35:10.501471875Z,-0.0831298828125
2025-02-11T20:35:11.518303917Z,0.013671875
2025-02-11T20:35:12.542235609Z,0.165771484375
2025-02-11T20:35:13.565971435Z,-0.7503662109375
2025-02-11T20:35:14.692756227Z,-0.7857666015625
2025-02-11T20:35:15.717992046Z,0.2540283203125
2025-02-11T20:35:16.744062286Z,0.34326171875
2025-02-11T20:35:17.765922381Z,0.307861328125
2025-02-11T20:35:18.789364473Z,0.0860595703125
2025-02-11T20:35:19.812713322Z,-0.021240234375
2025-02-11T20:35:20.836618937Z,-0.004150390625
2025-02-11T20:35:21.962999738Z,-0.2041015625
2025-02-11T20:35:22.987721614Z,0.0142822265625
2025-02-11T20:35:24.014523575Z,0.1253662109375
2025-02-11T20:35:25.035112803Z,0.0660400390625
2025-02-11T20:35:26.059092349Z,0.06396484375
2025-02-11T20:35:27.083107103Z,0.1068115234375
2025-02-11T20:35:28.107241068Z,-0.6751708984375
2025-02-11T20:35:29.233497458Z,-0.924560546875
2025-02-11T20:35:30.257848224Z,-0.062744140625
2025-02-11T20:35:31.281402282Z,-0.1546630859375
2025-02-11T20:35:32.30598865Z,-0.15771484375
2025-02-11T20:35:33.330641398Z,-0.187255859375
2025-02-11T20:35:34.355212498Z,-0.087158203125
2025-02-11T20:35:35.481184445Z,-0.97607421875
2025-02-11T20:35:36.503895653Z,0.1512451171875
2025-02-11T20:35:37.532286256Z,0.227294921875
2025-02-11T20:35:38.554863394Z,0.222900390625
2025-02-11T20:35:39.577666836Z,0.2545166015625
2025-02-11T20:35:40.599810253Z,0.2830810546875
2025-02-11T20:35:41.624057266Z,0.273193359375
2025-02-11T20:35:42.75040465Z,0.2872314453125
2025-02-11T20:35:43.774331277Z,0.2835693359375
2025-02-11T20:35:44.798977592Z,0.283203125
2025-02-11T20:35:45.822355667Z,0.29052734375
2025-02-11T20:35:46.846269072Z,0.2862548828125
2025-02-11T20:35:47.870787744Z,0.283935546875
2025-02-11T20:35:49.004529101Z,0.2952880859375
2025-02-11T20:35:50.024706807Z,0.29345703125
2025-02-11T20:35:51.044925031Z,0.2889404296875
2025-02-11T20:35:52.069163447Z,0.293701171875
2025-02-11T20:35:53.093003912Z,0.29443359375
2025-02-11T20:35:54.116795034Z,0.292236328125
2025-02-11T20:35:55.140758779Z,0.286865234375
2025-02-11T20:35:56.172021991Z,0.297119140625
2025-02-11T20:35:57.291273253Z,0.288330078125
2025-02-11T20:35:58.315286384Z,0.2947998046875
2025-02-11T20:35:59.339146642Z,0.30224609375
2025-02-11T20:36:00.363610811Z,0.2950439453125
2025-02-11T20:36:01.390626145Z,0.324951171875
2025-02-11T20:36:02.514430134Z,0.3804931640625
2025-02-11T20:36:03.537945026Z,0.58984375
2025-02-11T20:36:04.485238511Z,0.21240234375
2025-02-11T20:36:05.587157223Z,0.3245849609375
2025-02-11T20:36:06.609794995Z,-0.0740966796875
2025-02-11T20:36:07.633593039Z,0.5692138671875
2025-02-11T20:36:08.657722482Z,-0.038818359375
2025-02-11T20:36:09.783977524Z,0.1300048828125
2025-02-11T20:36:10.807917021Z,0.1658935546875
2025-02-11T20:36:11.837874135Z,0.23583984375
2025-02-11T20:36:12.856629649Z,0.2498779296875
2025-02-11T20:36:13.880863503Z,0.2652587890625
2025-02-11T20:36:14.904161342Z,0.2666015625
2025-02-11T20:36:15.928980068Z,0.5291748046875
2025-02-11T20:36:16.961251033Z,0.3751220703125
2025-02-11T20:36:18.013875378Z,0.3924560546875
2025-02-11T20:36:19.040314159Z,0.397216796875
2025-02-11T20:36:20.12782833Z,0.3751220703125
2025-02-11T20:36:21.150722839Z,0.396728515625
2025-02-11T20:36:22.177417156Z,0.37109375
2025-02-11T20:36:23.301467732Z,0.3983154296875
2025-02-11T20:36:24.325546732Z,0.40380859375
2025-02-11T20:36:25.349105384Z,0.3951416015625
2025-02-11T20:36:26.372880174Z,0.4267578125
2025-02-11T20:36:27.397328534Z,0.38427734375
2025-02-11T20:36:28.421976969Z,0.3968505859375
2025-02-11T20:36:29.44540028Z,0.373291015625
2025-02-11T20:36:30.46966807Z,0.3939208984375
2025-02-11T20:36:31.595810518Z,0.41748046875
2025-02-11T20:36:32.619403727Z,0.4630126953125
2025-02-11T20:36:33.643734262Z,0.4044189453125
2025-02-11T20:36:34.66767407Z,0.0340576171875
2025-02-11T20:36:35.692255768Z,0.1123046875
2025-02-11T20:36:36.818050379Z,0.1864013671875
2025-02-11T20:36:37.842512767Z,0.3153076171875
2025-02-11T20:36:38.865851527Z,0.25244140625
2025-02-11T20:36:39.889942169Z,0.258544921875
2025-02-11T20:36:40.91419184Z,0.2513427734375
2025-02-11T20:36:41.938393023Z,0.2415771484375
2025-02-11T20:36:42.962227302Z,0.2265625
2025-02-11T20:36:44.08865122Z,0.238037109375
2025-02-11T20:36:45.112237445Z,0.2493896484375
2025-02-11T20:36:46.136637813Z,0.2020263671875
2025-02-11T20:36:47.16063282Z,0.2296142578125
2025-02-11T20:36:48.184816114Z,0.2520751953125
2025-02-11T20:36:49.209157037Z,0.215087890625
2025-02-11T20:36:50.234361278Z,0.2496337890625
2025-02-11T20:36:51.369295809Z,0.259521484375
2025-02-11T20:36:52.389363035Z,0.248291015625
2025-02-11T20:36:53.40690741Z,0.2576904296875
2025-02-11T20:36:54.439435349Z,0.266845703125
2025-02-11T20:36:55.455526047Z,0.2425537109375
2025-02-11T20:36:56.480654614Z,0.2586669921875
2025-02-11T20:36:57.605344879Z,0.249755859375
2025-02-11T20:36:58.629389075Z,0.2503662109375
2025-02-11T20:36:59.654179012Z,0.2740478515625
2025-02-11T20:37:00.677875971Z,0.2640380859375
2025-02-11T20:37:01.701757388Z,0.2630615234375
2025-02-11T20:37:02.725279714Z,0.2666015625
2025-02-11T20:37:03.749356188Z,0.375
2025-02-11T20:37:04.876881364Z,0.293212890625
2025-02-11T20:37:05.899839367Z,0.3135986328125
2025-02-11T20:37:06.924936Z,-0.0133056640625
2025-02-11T20:37:07.950496588Z,-0.4935302734375
2025-02-11T20:37:08.97293421Z,0.34423828125
2025-02-11T20:37:10.000292101Z,-0.1064453125
2025-02-11T20:37:11.020490312Z,1.0430908203125
2025-02-11T20:37:12.147045774Z,0.154541015625
2025-02-11T20:37:13.170289981Z,-0.7327880859375
2025-02-11T20:37:14.199297783Z,1.095703125
2025-02-11T20:37:15.222771521Z,-0.421142578125
2025-02-11T20:37:16.243293486Z,0.7286376953125
2025-02-11T20:37:17.267133418Z,0.2186279296875
2025-02-11T20:37:18.395140424Z,0.7633056640625
2025-02-11T20:37:19.416990272Z,0.227783203125
2025-02-11T20:37:20.442215446Z,1.052978515625
2025-02-11T20:37:21.464602801Z,-0.600830078125
2025-02-11T20:37:22.488991946Z,-0.96142578125
2025-02-11T20:37:23.51295454Z,1.2213134765625
2025-02-11T20:37:24.537470016Z,0.99658203125
2025-02-11T20:37:25.663200364Z,-0.120361328125
2025-02-11T20:37:26.686981343Z,0.6158447265625
2025-02-11T20:37:27.711393493Z,-0.03076171875
2025-02-11T20:37:28.73619419Z,-0.953125
2025-02-11T20:37:29.759799271Z,-0.30126953125
2025-02-11T20:37:30.783552702Z,0.805908203125
2025-02-11T20:37:31.909525801Z,1.5223388671875
2025-02-11T20:37:32.93375924Z,-1.0325927734375
2025-02-11T20:37:33.960440436Z,-0.770751953125
2025-02-11T20:37:34.982167059Z,-0.0699462890625
2025-02-11T20:37:36.007940293Z,-1.435302734375
2025-02-11T20:37:37.029966125Z,1.558349609375
2025-02-11T20:37:38.156183575Z,-0.6141357421875
2025-02-11T20:37:39.181046551Z,-0.3121337890625
2025-02-11T20:37:40.203942138Z,0.1016845703125
2025-02-11T20:37:41.22825687Z,0.139404296875
2025-02-11T20:37:42.252479644Z,-0.3043212890625
2025-02-11T20:37:43.276335666Z,0.033447265625
2025-02-11T20:37:44.301131136Z,0.2060546875
2025-02-11T20:37:45.324191302Z,0.058837890625
2025-02-11T20:37:46.451081232Z,-0.06787109375
2025-02-11T20:37:47.474867016Z,-0.0780029296875
2025-02-11T20:37:48.499541765Z,0.0523681640625
2025-02-11T20:37:49.523459478Z,0.1822509765625
2025-02-11T20:37:50.546542241Z,0.1929931640625
2025-02-11T20:37:51.570571323Z,0.1893310546875
2025-02-11T20:37:52.697877493Z,0.170654296875
2025-02-11T20:37:53.721304505Z,0.1815185546875
2025-02-11T20:37:54.745190126Z,0.4002685546875
2025-02-11T20:37:55.768973736Z,0.366455078125
2025-02-11T20:37:56.795035926Z,-0.708984375
2025-02-11T20:37:57.817521993Z,0.0242919921875
2025-02-11T20:37:58.841303572Z,-0.0836181640625
2025-02-11T20:37:59.967700456Z,1.3692626953125
2025-02-11T20:38:00.889037317Z,0.7744140625
2025-02-11T20:38:02.015907674Z,-0.184326171875
2025-02-11T20:38:03.039813811Z,-0.4239501953125
2025-02-11T20:38:04.065833604Z,-0.4888916015625
2025-02-11T20:38:05.087810098Z,-0.4705810546875
2025-02-11T20:38:06.213751686Z,0.7808837890625
2025-02-11T20:38:07.239033769Z,0.9862060546875
2025-02-11T20:38:08.263263743Z,0.8427734375
2025-02-11T20:38:09.2861082Z,0.8143310546875
2025-02-11T20:38:10.310441188Z,0.8262939453125
2025-02-11T20:38:11.335355179Z,0.8753662109375
2025-02-11T20:38:12.360996822Z,0.79248046875
2025-02-11T20:38:13.492529922Z,1.07958984375
2025-02-11T20:38:14.508360808Z,0.775634765625
2025-02-11T20:38:15.532373276Z,0.8602294921875
2025-02-11T20:38:16.556424632Z,0.7606201171875
2025-02-11T20:38:17.580351775Z,0.58984375
2025-02-11T20:38:18.606671151Z,0.3033447265625
2025-02-11T20:38:19.730901159Z,-0.067626953125
2025-02-11T20:38:20.75495155Z,-0.0928955078125
2025-02-11T20:38:21.780221372Z,0.2938232421875
2025-02-11T20:38:22.803229319Z,-0.151123046875
2025-02-11T20:38:23.827189626Z,-0.3167724609375
2025-02-11T20:38:24.850941252Z,-0.3143310546875
2025-02-11T20:38:25.875262652Z,0.0517578125
2025-02-11T20:38:26.922924277Z,0.1563720703125
2025-02-11T20:38:28.028581985Z,0.176513671875
2025-02-11T20:38:29.049948173Z,0.167724609375
2025-02-11T20:38:30.073478097Z,0.17236328125
2025-02-11T20:38:31.097893063Z,0.178466796875
2025-02-11T20:38:32.121393187Z,0.170654296875
2025-02-11T20:38:33.248724407Z,0.114990234375
2025-02-11T20:38:34.283644375Z,-0.1097412109375
2025-02-11T20:38:35.299231372Z,-0.2640380859375
2025-02-11T20:38:36.320426388Z,-0.0045166015625
2025-02-11T20:38:37.343787169Z,0.3876953125
2025-02-11T20:38:38.367870713Z,1.7593994140625
2025-02-11T20:38:39.392085752Z,0.20654296875
2025-02-11T20:38:40.518299188Z,2.3931884765625
2025-02-11T20:38:41.546433733Z,1.2919921875
2025-02-11T20:38:42.570521772Z,-0.756591796875
2025-02-11T20:38:43.590315493Z,0.599853515625
2025-02-11T20:38:44.616261826Z,0.84423828125
2025-02-11T20:38:45.638695265Z,0.1334228515625
2025-02-11T20:38:46.764754584Z,0.3731689453125
2025-02-11T20:38:47.789016213Z,-0.611083984375
2025-02-11T20:38:48.814130285Z,-0.3155517578125
2025-02-11T20:38:49.838511014Z,0.024169921875
2025-02-11T20:38:50.862195225Z,-0.724609375
2025-02-11T20:38:51.884860863Z,-0.708984375
2025-02-11T20:38:52.908727791Z,-0.7452392578125
2025-02-11T20:38:54.037180632Z,-0.66357421875
2025-02-11T20:38:55.059691246Z,-0.89306640625
2025-02-11T20:38:56.083449804Z,-1.1187744140625
2025-02-11T20:38:57.107089958Z,-0.2384033203125
2025-02-11T20:38:58.151246684Z,-0.2742919921875
2025-02-11T20:38:59.156429712Z,-0.3304443359375
2025-02-11T20:39:00.282447786Z,0.511962890625
2025-02-11T20:39:01.205104551Z,0.2073974609375
2025-02-11T20:39:02.331678546Z,0.69140625
2025-02-11T20:39:03.355949217Z,0.5382080078125
2025-02-11T20:39:04.379755839Z,0.694091796875
2025-02-11T20:39:05.402029253Z,-0.01806640625
2025-02-11T20:39:06.428464773Z,-0.048828125
2025-02-11T20:39:07.552584293Z,0.8076171875
2025-02-11T20:39:08.579796923Z,0.76611328125
2025-02-11T20:39:09.600400116Z,0.7841796875
2025-02-11T20:39:10.625567192Z,0.5460205078125
2025-02-11T20:39:11.649397003Z,1.443359375
2025-02-11T20:39:12.674343487Z,0.368896484375
2025-02-11T20:39:13.696388122Z,1.01513671875
2025-02-11T20:39:14.735551747Z,-0.728271484375
2025-02-11T20:39:15.847853854Z,0.7548828125
2025-02-11T20:39:16.870900392Z,0.7305908203125
2025-02-11T20:39:17.894513414Z,0.92919921875
2025-02-11T20:39:18.923559368Z,0.6248779296875
2025-02-11T20:39:19.943986777Z,0.55517578125
2025-02-11T20:39:21.069373967Z,0.6710205078125
2025-02-11T20:39:22.096804867Z,0.660400390625
2025-02-11T20:39:23.117816768Z,0.6627197265625
2025-02-11T20:39:24.141181625Z,0.614990234375
2025-02-11T20:39:25.166503131Z,0.6339111328125
2025-02-11T20:39:26.190063592Z,0.6204833984375
2025-02-11T20:39:27.31745774Z,0.6280517578125
2025-02-11T20:39:28.339795697Z,0.6234130859375
2025-02-11T20:39:29.364279037Z,0.679931640625
2025-02-11T20:39:30.387587544Z,0.6314697265625
2025-02-11T20:39:31.411849216Z,0.6312255859375
2025-02-11T20:39:32.435497771Z,0.6226806640625
2025-02-11T20:39:33.460980829Z,0.6195068359375
2025-02-11T20:39:34.586844905Z,0.639892578125
2025-02-11T20:39:35.610213165Z,0.6246337890625
2025-02-11T20:39:36.634988325Z,0.6966552734375
2025-02-11T20:39:37.660591536Z,0.7598876953125
2025-02-11T20:39:38.682298683Z,0.662353515625
2025-02-11T20:39:39.706388536Z,0.6495361328125
2025-02-11T20:39:40.832691679Z,0.453369140625
2025-02-11T20:39:41.857722977Z,1.1890869140625
2025-02-11T20:39:42.880485306Z,0.7314453125
2025-02-11T20:39:43.905395012Z,0.65380859375
2025-02-11T20:39:44.929449308Z,0.588623046875
2025-02-11T20:39:45.952633527Z,0.145263671875
2025-02-11T20:39:46.977518053Z,-0.1290283203125
2025-02-11T20:39:48.103525213Z,1.06640625
2025-02-11T20:39:49.127275291Z,0.7550048828125
2025-02-11T20:39:50.152648212Z,1.0321044921875
2025-02-11T20:39:51.175023081Z,0.611328125
2025-02-11T20:39:52.201901144Z,0.523193359375
2025-02-11T20:39:53.223320001Z,0.5528564453125
2025-02-11T20:39:54.350481013Z,0.548095703125
2025-02-11T20:39:55.373643842Z,0.59521484375
2025-02-11T20:39:56.323255335Z,0.585693359375
2025-02-11T20:39:57.422348561Z,0.4354248046875
2025-02-11T20:39:58.445806144Z,0.4119873046875
2025-02-11T20:39:59.469817985Z,0.3134765625
2025-02-11T20:40:00.494126957Z,0.5020751953125
2025-02-11T20:40:01.517430865Z,0.245361328125
2025-02-11T20:40:02.644731326Z,0.5406494140625
2025-02-11T20:40:03.668206432Z,0.40966796875
2025-02-11T20:40:04.692613362Z,0.5740966796875
2025-02-11T20:40:05.716008188Z,0.652587890625
2025-02-11T20:40:06.740099124Z,0.86767578125
2025-02-11T20:40:07.86728229Z,0.4873046875
2025-02-11T20:40:08.890814562Z,0.46044921875
2025-02-11T20:40:09.914910414Z,0.4930419921875
2025-02-11T20:40:10.938378046Z,0.68017578125
2025-02-11T20:40:11.962470726Z,0.03955078125
2025-02-11T20:40:12.986480661Z,-0.15966796875
2025-02-11T20:40:14.010493285Z,-0.2384033203125
2025-02-11T20:40:15.140505664Z,-0.1939697265625
2025-02-11T20:40:16.161331617Z,-0.414306640625
2025-02-11T20:40:17.117039Z,0.0072021484375
2025-02-11T20:40:18.222309891Z,-0.206298828125
2025-02-11T20:40:19.233166633Z,-0.1990966796875
2025-02-11T20:40:20.258203478Z,0.44482421875
2025-02-11T20:40:21.383253762Z,0.278564453125
2025-02-11T20:40:22.407793355Z,0.505859375
2025-02-11T20:40:23.431814428Z,0.48388671875
2025-02-11T20:40:24.455152437Z,0.3519287109375
2025-02-11T20:40:25.479404212Z,0.2857666015625
2025-02-11T20:40:26.503108852Z,0.3092041015625
2025-02-11T20:40:27.52743566Z,0.3734130859375
2025-02-11T20:40:28.659159122Z,0.30078125
2025-02-11T20:40:29.678910457Z,0.3743896484375
2025-02-11T20:40:30.702190099Z,0.1728515625
2025-02-11T20:40:31.72643336Z,0.485107421875
2025-02-11T20:40:32.750254432Z,0.4510498046875
2025-02-11T20:40:33.773763852Z,-0.4490966796875
2025-02-11T20:40:34.797785268Z,-0.315185546875
2025-02-11T20:40:35.92481401Z,0.094482421875
2025-02-11T20:40:36.948344842Z,-0.0196533203125
2025-02-11T20:40:37.974342617Z,-0.015380859375
2025-02-11T20:40:38.997320701Z,-0.019775390625
2025-02-11T20:40:40.020830302Z,-0.01513671875
2025-02-11T20:40:41.055747209Z,-0.011962890625
2025-02-11T20:40:42.170281375Z,-0.0201416015625
2025-02-11T20:40:43.195073001Z,-0.0164794921875
2025-02-11T20:40:44.218683095Z,-0.013916015625
2025-02-11T20:40:45.24353066Z,-0.0050048828125
2025-02-11T20:40:46.266593647Z,-0.007080078125
2025-02-11T20:40:47.296773636Z,0.022705078125
2025-02-11T20:40:48.417376763Z,-0.0518798828125
2025-02-11T20:40:49.443782315Z,-0.0517578125
2025-02-11T20:40:50.465414304Z,-0.05126953125
2025-02-11T20:40:51.489079298Z,0.0247802734375
2025-02-11T20:40:53.538438467Z,0.0255126953125
2025-02-11T20:40:54.562000927Z,0.02685546875
2025-02-11T20:40:55.688232611Z,0.0272216796875
2025-02-11T20:40:56.712942174Z,0.0247802734375
2025-02-11T20:40:57.736295273Z,0.0155029296875
2025-02-11T20:40:58.76059293Z,0.020751953125
2025-02-11T20:40:59.790470184Z,-0.013671875
2025-02-11T20:41:00.807618643Z,-0.023681640625
2025-02-11T20:41:01.8319952Z,-0.0302734375
2025-02-11T20:41:02.958889335Z,-0.0328369140625
2025-02-11T20:41:03.982180568Z,0.0400390625
2025-02-11T20:41:05.006070519Z,-0.150146484375
2025-02-11T20:41:06.031550191Z,-0.1287841796875
2025-02-11T20:41:07.055240724Z,-0.1279296875
2025-02-11T20:41:08.08342255Z,-0.122802734375
2025-02-11T20:41:09.204375229Z,-0.1304931640625
2025-02-11T20:41:10.141554199Z,-0.1298828125
2025-02-11T20:41:11.252830059Z,-0.13671875
2025-02-11T20:41:12.280423147Z,-0.143310546875
2025-02-11T20:41:13.301355673Z,-0.151123046875
2025-02-11T20:41:14.324832399Z,-0.153076171875
2025-02-11T20:41:15.348488759Z,-0.1513671875
2025-02-11T20:41:16.482568912Z,-0.1591796875
2025-02-11T20:41:17.499646099Z,-0.1578369140625
2025-02-11T20:41:18.522896413Z,-0.160888671875
2025-02-11T20:41:19.547370946Z,-0.15283203125
2025-02-11T20:41:20.570955714Z,0.048583984375
2025-02-11T20:41:21.597886193Z,0.00732421875
2025-02-11T20:41:22.619319703Z,-0.015869140625
2025-02-11T20:41:23.74561231Z,-0.0394287109375
2025-02-11T20:41:24.770288399Z,-0.0419921875
2025-02-11T20:41:25.793495837Z,-0.051513671875
2025-02-11T20:41:26.818135626Z,-0.056640625
2025-02-11T20:41:27.841646087Z,-0.053955078125
2025-02-11T20:41:28.865306421Z,0.0389404296875
2025-02-11T20:41:29.992262176Z,0.086181640625
2025-02-11T20:41:31.01614748Z,-0.0560302734375
2025-02-11T20:41:32.040116359Z,0.0709228515625
2025-02-11T20:41:33.066898225Z,-0.01904296875
2025-02-11T20:41:34.088932268Z,-0.0753173828125
2025-02-11T20:41:35.112583515Z,-0.1175537109375
2025-02-11T20:41:36.135861923Z,-0.37548828125
2025-02-11T20:41:37.262271525Z,-0.028076171875
2025-02-11T20:41:38.287222513Z,-0.08056640625
2025-02-11T20:41:39.31091592Z,-0.103271484375
2025-02-11T20:41:40.334583856Z,-0.0972900390625
2025-02-11T20:41:41.360053987Z,-0.0943603515625
2025-02-11T20:41:42.38238422Z,-0.1160888671875
2025-02-11T20:41:43.509814145Z,-0.101806640625
2025-02-11T20:41:44.532674999Z,-0.0938720703125
2025-02-11T20:41:45.557271693Z,-0.095947265625
2025-02-11T20:41:46.580605821Z,0.1497802734375
2025-02-11T20:41:47.604574617Z,0.110107421875
2025-02-11T20:41:48.629172454Z,0.05419921875
2025-02-11T20:41:49.653297027Z,0.064208984375
2025-02-11T20:41:50.779073677Z,-0.43505859375
2025-02-11T20:41:51.80348896Z,-0.514892578125
2025-02-11T20:41:52.828191291Z,-0.507080078125
2025-02-11T20:41:53.851901241Z,-0.4666748046875
2025-02-11T20:41:54.875250104Z,-0.5230712890625
2025-02-11T20:41:55.8997479Z,-0.501953125
2025-02-11T20:41:57.025758562Z,-0.5015869140625
2025-02-11T20:41:58.049807643Z,-0.46923828125
2025-02-11T20:41:59.074693312Z,-0.39208984375
2025-02-11T20:42:00.098455874Z,0.0460205078125
2025-02-11T20:42:01.121816797Z,0.314208984375
2025-02-11T20:42:02.146062107Z,0.2149658203125
2025-02-11T20:42:03.170105435Z,0.30517578125
2025-02-11T20:42:04.295967775Z,0.319091796875
2025-02-11T20:42:05.320627055Z,0.322998046875
2025-02-11T20:42:06.35141016Z,0.357177734375
2025-02-11T20:42:07.368309348Z,0.34130859375
2025-02-11T20:42:08.392260635Z,0.337646484375
2025-02-11T20:42:09.417091513Z,-0.03076171875
2025-02-11T20:42:10.542771518Z,-0.85791015625
2025-02-11T20:42:11.566895818Z,-0.6317138671875
2025-02-11T20:42:12.591079459Z,-0.607666015625
2025-02-11T20:42:13.614872273Z,-0.57568359375
2025-02-11T20:42:14.639260667Z,-0.5732421875
2025-02-11T20:42:15.664759724Z,-0.572509765625
2025-02-11T20:42:16.686765228Z,-0.5645751953125
2025-02-11T20:42:17.814332456Z,-0.558349609375
2025-02-11T20:42:18.772509415Z,-0.5623779296875
2025-02-11T20:42:19.861106852Z,-0.5657958984375
2025-02-11T20:42:20.885866079Z,-0.55908203125
2025-02-11T20:42:21.909200332Z,-0.5567626953125
2025-02-11T20:42:22.933852967Z,-0.5543212890625
2025-02-11T20:42:23.960147133Z,-0.4830322265625
2025-02-11T20:42:24.988381848Z,-0.4725341796875
2025-02-11T20:42:26.107719831Z,-0.4759521484375
2025-02-11T20:42:27.131589975Z,-0.5048828125
2025-02-11T20:42:28.156433043Z,-0.521240234375
2025-02-11T20:42:29.179665863Z,-0.5263671875
2025-02-11T20:42:30.203758017Z,-0.5238037109375
2025-02-11T20:42:31.330283238Z,-0.5428466796875
2025-02-11T20:42:32.25286214Z,-0.5513916015625
2025-02-11T20:42:33.378309458Z,-0.5499267578125
